origem,destino,sha1_esperado,status
BEs 1932\JULHO\27\99097\00000002.pdf,D:\TSJE_ATAS\1932\1932-07-27 - BE [99097].pdf,eae7366635df38da665759bb4bd39b34498a0bc9,ok
BEs 1932\AGOSTO\03\99099\00000004.pdf,D:\TSJE_ATAS\1932\1932-08-03 - BE n004 [99099].pdf,2ab29b327ed10e5cea4ecf40b3beb11933a6a281,ok
BEs 1932\AGOSTO\08\99100\00000005.pdf,D:\TSJE_ATAS\1932\1932-08-08 - BE n005 [99100].pdf,d6a346e1dabc2cb64c485f6fffc8767711dbf244,ok
BEs 1932\AGOSTO\10\99101\00000006.pdf,D:\TSJE_ATAS\1932\1932-08-10 - BE [99101].pdf,deb05f01870e8d2d6d3bf16c116105f4f254ee1d,ok
BEs 1932\AGOSTO\17\99102\00000007.pdf,D:\TSJE_ATAS\1932\1932-08-17 - BE n007 [99102].pdf,d1a9ea72813e5b4abb016650cb48848509a0ca25,ok
BEs 1932\AGOSTO\22\99103\00000008.pdf,D:\TSJE_ATAS\1932\1932-08-22 - BE n008 [99103].pdf,23e44eea97713f3beb0a395a66ef770d085ed317,ok
BEs 1932\AGOSTO\24\99156\00000009.pdf,D:\TSJE_ATAS\1932\1932-08-24 - BE n009 [99156].pdf,c806070eeffc4ee60e5bad7af97763b4c472b03e,ok
BEs 1932\AGOSTO\27\99157\00000010.pdf,D:\TSJE_ATAS\1932\1932-08-27 - BE n010 [99157].pdf,07b9048bbfa90b8abe4815698cdb28bf8c7c8bad,ok
BEs 1932\SETEMBRO\14\99160\00000013.pdf,D:\TSJE_ATAS\1932\1932-09-14 - BE n013 [99160].pdf,b5c184e7008cd6cb9a946d181917f89b3d3949d5,ok
BEs 1932\SETEMBRO\21\99161\00000014.pdf,D:\TSJE_ATAS\1932\1932-09-21 - BE n014 [99161].pdf,328b0f5d835ade53d82dd673534faaeb12f979c4,ok
BEs 1932\SETEMBRO\28\99162\00000015.pdf,D:\TSJE_ATAS\1932\1932-09-28 - BE n015 [99162].pdf,46c5cf809a3b907ee01c81dc9aa56f9c8bcc7f01,ok
BEs 1932\OUTUBRO\05\99163\00000016.pdf,D:\TSJE_ATAS\1932\1932-10-05 - BE n016 [99163].pdf,fcf75b4d4e9aff730312f82ba94b76f989979b57,ok
BEs 1932\OUTUBRO\12\99164\00000017.pdf,D:\TSJE_ATAS\1932\1932-10-12 - BE n017 [99164].pdf,9320383cc0d7e6a7b98e0852ffe1ff702945c42b,ok
BEs 1932\OUTUBRO\19\99165\00000018.pdf,D:\TSJE_ATAS\1932\1932-10-19 - BE n018 [99165].pdf,e05c0f74910c1f1cdfa46519d87dc4c107bf8ff1,ok
BEs 1932\OUTUBRO\26\99167\00000020.pdf,D:\TSJE_ATAS\1932\1932-10-26 - BE n020 [99167].pdf,abd64a78137f3cee3e25cb86158a2ad711476b38,ok
BEs 1932\NOVEMBRO\09\99169\00000022.pdf,D:\TSJE_ATAS\1932\1932-11-09 - BE n022 [99169].pdf,acd91a92490c919097ab6bf9c3ba238d12c32502,ok
BEs 1932\NOVEMBRO\23\99172\00000025.pdf,D:\TSJE_ATAS\1932\1932-11-23 - BE n025 [99172].pdf,79a66565bca4b3d07ec1864cae89a448ba7de7f4,ok
BEs 1932\NOVEMBRO\26\99173\00000026.pdf,D:\TSJE_ATAS\1932\1932-11-26 - BE n026 [99173].pdf,088375b88f066aa01ee08e03cde002a926d958c2,ok
BEs 1932\NOVEMBRO\30\99174\00000027.pdf,D:\TSJE_ATAS\1932\1932-11-30 - BE [99174].pdf,3a710d9968d95e24310043c3c72315cc206ef3e3,ok
BEs 1932\DEZEMBRO\03\99175\00000028.pdf,D:\TSJE_ATAS\1932\1932-12-03 - BE [99175].pdf,396b008b84f3df77f7c43c9d249de278c6c5a331,ok
BEs 1932\DEZEMBRO\07\99176\00000029.pdf,D:\TSJE_ATAS\1932\1932-12-07 - BE n2967 [99176].pdf,eb045a179492c587ac0b5003e6fd3f33669e5a0d,ok
BEs 1932\DEZEMBRO\17\99179\00000032.pdf,D:\TSJE_ATAS\1932\1932-12-17 - BE [99179].pdf,865d69ec3908231aceb6ad135ee1a24b8230c8e6,ok
BEs 1932\DEZEMBRO\21\99180\00000033.pdf,D:\TSJE_ATAS\1932\1932-12-21 - BE n033 [99180].pdf,3e7e5ef8a5001e277a268df1711f199e665e5e09,ok
BEs 1932\DEZEMBRO\24\99181\00000034.pdf,D:\TSJE_ATAS\1932\1932-12-24 - BE n034 [99181].pdf,913f82863b66e813793dd0f622198a897bdba596,ok
BEs 1932\DEZEMBRO\28\99182\00000035.pdf,D:\TSJE_ATAS\1932\1932-12-28 - BE n035 [99182].pdf,27aed2c131255f676fd75db1222acfb1c5135375,ok
BEs 1933\JANEIRO\02\99183\00000001.pdf,D:\TSJE_ATAS\1933\1933-01-02 - BE n001 [99183].pdf,024631be039e021f820fc509bf7548a14b3d3afa,ok
BEs 1933\JANEIRO\04\99184\00000002.pdf,D:\TSJE_ATAS\1933\1933-01-04 - BE n002 [99184].pdf,03310ec44f0cdfc9c91719ad7dbba6fdd131586d,ok
BEs 1933\JANEIRO\07\99185\00000003.pdf,D:\TSJE_ATAS\1933\1933-01-07 - BE n003 [99185].pdf,663e2dcd7da900f27ae78c13225b23a462effcd0,ok
BEs 1933\JANEIRO\11\99186\00000004.pdf,D:\TSJE_ATAS\1933\1933-01-11 - BE n004 [99186].pdf,f306429b245bbab9b229d8aff6ca80eb64df4281,ok
BEs 1933\JANEIRO\17\99189\00000007.pdf,D:\TSJE_ATAS\1933\1933-01-17 - BE n007 [99189].pdf,01776ad881d04bcda62b75f0c64e795e31760469,ok
BEs 1933\JANEIRO\20\99192\00000010.pdf,D:\TSJE_ATAS\1933\1933-01-20 - BE n010 [99192].pdf,684dc56528c1ae6de4de9204e630382aa412c974,ok
BEs 1933\JANEIRO\21\99193\00000011.pdf,D:\TSJE_ATAS\1933\1933-01-21 - BE n011 [99193].pdf,9874d82cfb037c69434b266c5e225dcb5e055666,ok
BEs 1933\JANEIRO\23\99194\00000012.pdf,D:\TSJE_ATAS\1933\1933-01-23 - BE n012 [99194].pdf,845f6e9f8c3c0d00e3b521a094ea86d00c6815d9,ok
BEs 1933\JANEIRO\24\99195\00000013.pdf,D:\TSJE_ATAS\1933\1933-01-24 - BE n013 [99195].pdf,3c9055c32724bb38e4dee8d9698b3387f4969bb5,ok
BEs 1933\JANEIRO\25\99196\00000014.pdf,D:\TSJE_ATAS\1933\1933-01-25 - BE n014 [99196].pdf,df5179b829fa9b1607556da36f6ea95f38afadd8,ok
BEs 1933\JANEIRO\26\99197\00000015.pdf,D:\TSJE_ATAS\1933\1933-01-26 - BE n015 [99197].pdf,edf5079ba64fda86836b6d92a198815372f13841,ok
BEs 1933\JANEIRO\30\99200\00000018.pdf,D:\TSJE_ATAS\1933\1933-01-30 - BE n018 [99200].pdf,4c1dfafa35f8ed4fcd9a73d89789cb0f4f9a9a5e,ok
BEs 1933\FEVEREIRO\07\99301\00000025.pdf,D:\TSJE_ATAS\1933\1933-02-07 - BE n025 [99301].pdf,4edcb4f5fd43705a5a9f165be1e0c7ba632bb961,ok
BEs 1933\FEVEREIRO\08\99302\00000026.pdf,D:\TSJE_ATAS\1933\1933-02-08 - BE n026 [99302].pdf,a990d816b100e9a7b06d8219d0192acf81ceb85d,ok
BEs 1933\FEVEREIRO\09\99303\00000027.pdf,D:\TSJE_ATAS\1933\1933-02-09 - BE n027 [99303].pdf,7b4bf3627cfa4e53b2cd6aa765547c7956ff8bc2,ok
BEs 1933\FEVEREIRO\10\99304\00000028.pdf,D:\TSJE_ATAS\1933\1933-02-10 - BE n028 [99304].pdf,3bcbcfe335ff83e245b6f204843fdeef898eef8a,ok
BEs 1933\FEVEREIRO\11\99305\00000029.pdf,D:\TSJE_ATAS\1933\1933-02-11 - BE n029 [99305].pdf,48ca819db452b221c985b65c4ecd6138a27b3860,ok
BEs 1933\FEVEREIRO\13\99306\00000030.pdf,D:\TSJE_ATAS\1933\1933-02-13 - BE n030 [99306].pdf,b029c29a24c95c59ddc6c66cf275810f7dec7d6f,ok
BEs 1933\FEVEREIRO\14\99307\00000031.pdf,D:\TSJE_ATAS\1933\1933-02-14 - BE n031 [99307].pdf,3ec35b9b3dead8db6fb3ed1572ff2d87fbf90fbc,ok
BEs 1933\FEVEREIRO\15\99308\00000032.pdf,D:\TSJE_ATAS\1933\1933-02-15 - BE n032 [99308].pdf,7f5418a035bbe5d4711932e35eaa682aeb5d5287,ok
BEs 1933\FEVEREIRO\16\99309\00000033.pdf,D:\TSJE_ATAS\1933\1933-02-16 - BE n033 [99309].pdf,d1421f931675b21f576ad92225fcd31758b8ffe4,ok
BEs 1933\FEVEREIRO\20\99312\00000036.pdf,D:\TSJE_ATAS\1933\1933-02-20 - BE n036 [99312].pdf,0dfa9277bc86eb971257b6abe58741ca1deac8cf,ok
BEs 1933\FEVEREIRO\21\99313\00000037.pdf,D:\TSJE_ATAS\1933\1933-02-21 - BE [99313].pdf,a676af854e62362dc4f686070cdf51de34facc29,ok
BEs 1933\FEVEREIRO\24\99316\00000040.pdf,D:\TSJE_ATAS\1933\1933-02-24 - BE n040 [99316].pdf,95e437131ede5fb81b46c2209f433db95f30087c,ok
BEs 1933\FEVEREIRO\25\99317\00000041.pdf,D:\TSJE_ATAS\1933\1933-02-25 - BE n041 [99317].pdf,1a7125fd0f0a64ae7e15b6c759a28ec2c06fca85,ok
BEs 1933\MARÇO\01\99319\00000043.pdf,D:\TSJE_ATAS\1933\1933-03-01 - BE n043 [99319].pdf,63d4145ae1444a45ad836d865f7e1d59fb5e1b5d,ok
BEs 1933\MARÇO\24\99421\00000063.pdf,D:\TSJE_ATAS\1933\1933-03-24 - BE n063 [99421].pdf,8a0e627afd0f9e634c9ac355a231b5a066678884,ok
BEs 1933\MARÇO\25\99422\00000064.pdf,D:\TSJE_ATAS\1933\1933-03-25 - BE n064 [99422].pdf,5b2e13397054a0e7f6f762f3e6a2015dddff965a,ok
BEs 1933\MARÇO\27\99423\00000065.pdf,D:\TSJE_ATAS\1933\1933-03-27 - BE n065 [99423].pdf,724de0203c0ba3c656c7ff762198876c5908a1bb,ok
BEs 1933\MARÇO\28\99424\00000066.pdf,D:\TSJE_ATAS\1933\1933-03-28 - BE n066 [99424].pdf,263e9801dd63c0b56c75e5bccc0816546fb61faf,ok
BEs 1933\MARÇO\29\99425\00000067.pdf,D:\TSJE_ATAS\1933\1933-03-29 - BE n067 [99425].pdf,bca5c79f4ceee69ff746f57cfc85719634304334,ok
BEs 1933\MARÇO\30\99426\00000068.pdf,D:\TSJE_ATAS\1933\1933-03-30 - BE n068 [99426].pdf,21ab13fd5ae93efa430e1cb225bd3f9b871a6ed9,ok
BEs 1933\MARÇO\31\99427\00000069.pdf,D:\TSJE_ATAS\1933\1933-03-31 - BE [99427].pdf,ecbdfff080ebb22f62cabe0dbc484d5b1ce0675e,ok
BEs 1933\ABRIL\04\99218\00000003.pdf,D:\TSJE_ATAS\1933\1933-04-04 - BE n072 [99218].pdf,4915119962f8e8166ec50a268c1ede4dc93c3fbc,ok
BEs 1933\ABRIL\05\99219\00000004.pdf,D:\TSJE_ATAS\1933\1933-04-05 - BE n073 [99219].pdf,a6142ccd490038ca0c4e4f99d3ba142b2dd6dc06,ok
BEs 1933\ABRIL\07\99225\00000006.pdf,D:\TSJE_ATAS\1933\1933-04-07 - BE n075 [99225].pdf,bd583d9209bbc3d615494a94679cbbad935b018e,ok
BEs 1933\ABRIL\11\99232\00000009.pdf,D:\TSJE_ATAS\1933\1933-04-11 - BE n078 [99232].pdf,5a4a861062079f970f7d022700fb1c0f086ecdb2,ok
BEs 1933\ABRIL\26\99248\00000020.pdf,D:\TSJE_ATAS\1933\1933-04-26 - BE n089 [99248].pdf,4809970a66fc595bf649d596ded885ef817f7b04,ok
BEs 1933\MAIO\20\99270\00000028.pdf,D:\TSJE_ATAS\1933\1933-05-20 - BE n097 [99270].pdf,2e8a73d43f898c407b484001546e0e7137f1aeab,ok
BEs 1933\MAIO\24\99272\00000029.pdf,D:\TSJE_ATAS\1933\1933-05-24 - BE n098 [99272].pdf,a78e847eb18ccf51e86f854c3d1834a0d75ec332,ok
BEs 1933\MAIO\27\99273\00000030.pdf,D:\TSJE_ATAS\1933\1933-05-27 - BE n099 [99273].pdf,009c03ac91fa58a8809242f162d8b82395e31d9b,ok
BEs 1933\MAIO\31\99274\00000031.pdf,D:\TSJE_ATAS\1933\1933-05-31 - BE n100 [99274].pdf,c888b0ef413dbb1bd9d8fecdf053f57deb2a2d1d,ok
BEs 1933\JUNHO\03\99276\00000032.pdf,D:\TSJE_ATAS\1933\1933-06-03 - BE n101 [99276].pdf,17eb1280d6e1bf8cd99a279884bafb94f122c920,ok
BEs 1933\JUNHO\07\99277\00000001.pdf,D:\TSJE_ATAS\1933\1933-06-07 - BE [99277].pdf,6ec1cb88f374f2da8b0c6527be2a8c48cbf9991d,ok
BEs 1933\JUNHO\07\99277\00000033.pdf,D:\TSJE_ATAS\1933\1933-06-07 - BE n102 [99277].pdf,7f1dc93458a95d9b444d78b12944920f03378de1,ok
BEs 1933\JUNHO\10\99278\00000002.pdf,D:\TSJE_ATAS\1933\1933-06-10 - BE n103 [99278].pdf,43bf330af2a49438f65af3d88b8ed2b561b78e60,ok
BEs 1933\JUNHO\10\99278\00000034.pdf,D:\TSJE_ATAS\1933\1933-06-10 - BE [99278].pdf,311ad555940512500b396cb72c5c0353d832ddab,ok
BEs 1933\JUNHO\14\99279\00000003.pdf,D:\TSJE_ATAS\1933\1933-06-14 - BE n104 [99279].pdf,32f025af8e3a0460f5517885ea1413507f42174e,ok
BEs 1933\JUNHO\14\99279\00000035.pdf,D:\TSJE_ATAS\1933\1933-06-14 - BE n104 [99279] (2).pdf,15167c236640bd3ed8884778effb88045c543409,ok
BEs 1933\JUNHO\17\99280\00000004.pdf,D:\TSJE_ATAS\1933\1933-06-17 - BE n105 [99280].pdf,f3ba3e5fee6b929dfa4b21cb176c022ac30fc05e,ok
BEs 1933\JUNHO\17\99280\00000036.pdf,D:\TSJE_ATAS\1933\1933-06-17 - BE n105 [99280] (2).pdf,f62d04a25c4b8bd544948faf52b2ac749496eebb,ok
BEs 1933\JUNHO\21\99281\00000037.pdf,D:\TSJE_ATAS\1933\1933-06-21 - BE n106 [99281].pdf,ae5e269f8303e1068b62e1a980990941b0c80edb,ok
BEs 1933\JULHO\01\99286\00000006.pdf,D:\TSJE_ATAS\1933\1933-07-01 - BE n109 [99286].pdf,83fe6b1488e854c19df0538fa8a1cdf239ec22c9,ok
BEs 1933\JULHO\05\99287\00000007.pdf,D:\TSJE_ATAS\1933\1933-07-05 - BE n110 [99287].pdf,7910c3de5fac09387a37545e494cf8c5867fd6aa,ok
BEs 1933\JULHO\08\99289\00000009.pdf,D:\TSJE_ATAS\1933\1933-07-08 - BE n111 [99289].pdf,e513a8c44745ac0d81b93abeb863ab5882d2cfaf,ok
BEs 1933\JULHO\12\99357\00000011.pdf,D:\TSJE_ATAS\1933\1933-07-12 - BE n112 [99357].pdf,ac1dc0626fcd06c34d9633e965a94b701ba068ce,ok
BEs 1933\JULHO\17\99361\00000015.pdf,D:\TSJE_ATAS\1933\1933-07-17 - BE n114 [99361].pdf,7fb08bf68a9da136e1ade40da4a4a1ec4b8b41e0,ok
BEs 1933\JULHO\19\99362\00000016.pdf,D:\TSJE_ATAS\1933\1933-07-19 - BE n115 [99362].pdf,54f5192282346d4a0c0441340296ee8d752aea9f,ok
BEs 1933\JULHO\22\99363\00000017.pdf,D:\TSJE_ATAS\1933\1933-07-22 - BE n116 [99363].pdf,a5d01ad1337e451fc0841f083afed9dbc8f9878c,ok
BEs 1933\JULHO\26\99482\00000001.pdf,D:\TSJE_ATAS\1933\1933-07-26 - BE n117 [99482].pdf,7b1d49a3cf628f95c8fecf5cc9f5ac34037d51e7,ok
BEs 1933\JULHO\29\99484\00000003.pdf,D:\TSJE_ATAS\1933\1933-07-29 - BE n118 [99484].pdf,0229267c7ecf1c46d398eca7e03761c3560dc567,ok
BEs 1933\AGOSTO\02\99495\00000001.pdf,D:\TSJE_ATAS\1933\1933-08-02 - BE [99495].pdf,ba74722d364297bb95dd3ba8e445f466147bfad7,ok
BEs 1933\AGOSTO\02\99495\00000005 (igual).pdf,D:\TSJE_ATAS\1933\1933-08-02 - BE n119 [99495].pdf,1dbb248424d4106d63e491c78bebd87f3a1e07e5,ok
BEs 1933\AGOSTO\05\99501\00000002.pdf,D:\TSJE_ATAS\1933\1933-08-05 - BE n120 [99501].pdf,02b2bc9cb0cac9a3cf82da0e3b15b0380872c3d0,ok
BEs 1933\AGOSTO\05\99501\00000006 (igual).pdf,D:\TSJE_ATAS\1933\1933-08-05 - BE n120 [99501] (2).pdf,af135a07155e7bf09f9f5f06945c669bde3296bf,ok
BEs 1933\AGOSTO\09\99507\00000003.pdf,D:\TSJE_ATAS\1933\1933-08-09 - BE n121 [99507].pdf,4ed46a7e602ec32c073363b038c6ba20ebf28916,ok
BEs 1933\AGOSTO\09\99507\00000007 (igual).pdf,D:\TSJE_ATAS\1933\1933-08-09 - BE n121 [99507] (2).pdf,ad2e858f74c819b0f9a6911b01611fc8d47aa1ac,ok
BEs 1933\AGOSTO\12\99508\00000004.pdf,D:\TSJE_ATAS\1933\1933-08-12 - BE n003 [99508].pdf,345b6f3cdf134f11c5fd7a62902a7a4389dc8f80,ok
BEs 1933\AGOSTO\12\99508\00000008 (igual).pdf,D:\TSJE_ATAS\1933\1933-08-12 - BE n003 [99508] (2).pdf,23b544415deeb71c6807a276025265f305064f69,ok
BEs 1933\AGOSTO\16\99512\00000005.pdf,D:\TSJE_ATAS\1933\1933-08-16 - BE n123 [99512].pdf,de8328a544d132dda215ddca991a5ed50060ef41,ok
BEs 1933\AGOSTO\16\99512\00000009 (igual).pdf,D:\TSJE_ATAS\1933\1933-08-16 - BE n123 [99512] (2).pdf,4d5c23edb6d4ae72fa61c2947592dbe152da4de0,ok
BEs 1933\AGOSTO\19\99518\00000006.pdf,D:\TSJE_ATAS\1933\1933-08-19 - BE n124 [99518].pdf,fa54b999fda0f35e4d69221af34da2bea7d92a4b,ok
BEs 1933\AGOSTO\19\99518\00000010 (igual).pdf,D:\TSJE_ATAS\1933\1933-08-19 - BE n124 [99518] (2).pdf,cdf602d2c264f7bba0cfcb65e7888832dfa891ea,ok
BEs 1933\AGOSTO\23\99526\00000007.pdf,D:\TSJE_ATAS\1933\1933-08-23 - BE n125 [99526].pdf,db9e09a8b5b85ffe3b912b1168fee688efa10037,ok
BEs 1933\AGOSTO\23\99526\00000011 (igual).pdf,D:\TSJE_ATAS\1933\1933-08-23 - BE n125 [99526] (2).pdf,19bdfa56c12ff1e5ec2476e7a00fea7b0d871fa9,ok
BEs 1933\AGOSTO\26\99527\00000008.pdf,D:\TSJE_ATAS\1933\1933-08-26 - BE n126 [99527].pdf,40572fcdb4a3be7712da84ac0f22519ecc90d15a,ok
BEs 1933\AGOSTO\26\99527\00000012 (igual).pdf,D:\TSJE_ATAS\1933\1933-08-26 - BE n126 [99527] (2).pdf,d35f0ad86562b549bd0f7cfeb10e1eb8b79dbeb8,ok
BEs 1933\AGOSTO\30\99528\00000013.pdf,D:\TSJE_ATAS\1933\1933-08-30 - BE n127 [99528].pdf,ec004ff6bca70f1013758ad3ece75681f0ac0beb,ok
BEs 1933\SETEMBRO\02\99530\00000009.pdf,D:\TSJE_ATAS\1933\1933-09-02 - BE n128 [99530].pdf,3a9ec3a42e0d2fb0d6e48e49d4359d99cdbb2f83,ok
BEs 1933\SETEMBRO\02\99530\00000014 (igual).pdf,D:\TSJE_ATAS\1933\1933-09-02 - BE n128 [99530] (2).pdf,a76c96e618545b35d125fa8a13a5a1899c992f23,ok
BEs 1933\SETEMBRO\06\99531\00000010.pdf,D:\TSJE_ATAS\1933\1933-09-06 - BE n129 [99531].pdf,bf90f999eafc03073cee430df5e73858a0a587aa,ok
BEs 1933\SETEMBRO\06\99531\00000015 (igual).pdf,D:\TSJE_ATAS\1933\1933-09-06 - BE n129 [99531] (2).pdf,09ad73dde0c44f227571304d7c3ef829e8e1a873,ok
BEs 1933\SETEMBRO\09\99533\00000011.pdf,D:\TSJE_ATAS\1933\1933-09-09 - BE n130 [99533].pdf,8551a9f56887bd2128a7e5b2f09f25e8bbb43fb5,ok
BEs 1933\SETEMBRO\09\99533\00000016 (igual).pdf,D:\TSJE_ATAS\1933\1933-09-09 - BE n130 [99533] (2).pdf,692066f6ad17ead779566e04b544b426da619d86,ok
BEs 1933\SETEMBRO\13\99535\00000012.pdf,D:\TSJE_ATAS\1933\1933-09-13 - BE n131 [99535].pdf,737b0eea0c32ce7ee8335022e7edfb97dbd67ae9,ok
BEs 1933\SETEMBRO\13\99535\00000017 (igual).pdf,D:\TSJE_ATAS\1933\1933-09-13 - BE n131 [99535] (2).pdf,0bd22f6c8ec86419105fba65c58e35e8609fa5f0,ok
BEs 1933\SETEMBRO\16\99856\00000013.pdf,D:\TSJE_ATAS\1933\1933-09-16 - BE n132 [99856].pdf,099480908a15b7faeea5061d0642b1aaf9f4bef4,ok
BEs 1933\SETEMBRO\20\99857\00000014.pdf,D:\TSJE_ATAS\1933\1933-09-20 - BE n133 [99857].pdf,f4896a8b61a739209d9acbf8383746673ae2338e,ok
BEs 1933\SETEMBRO\23\99858\00000015.pdf,D:\TSJE_ATAS\1933\1933-09-23 - BE n134 [99858].pdf,49a92d3a8ccdd5f25b11873506a73b8c37c7d135,ok
BEs 1933\SETEMBRO\27\99859\00000016.pdf,D:\TSJE_ATAS\1933\1933-09-27 - BE n135 [99859].pdf,128f5bf761e29350fc572e43b4e045b45a01e02e,ok
BEs 1933\SETEMBRO\30\99860\00000017.pdf,D:\TSJE_ATAS\1933\1933-09-30 - BE n136 [99860].pdf,3fbb68ac94488c944f0f5bf14311955651b42ab5,ok
BEs 1933\OUTUBRO\04\99861\00000018.pdf,D:\TSJE_ATAS\1933\1933-10-04 - BE n137 [99861].pdf,90d2b1e1230a577a99b26fcc3b7581afa331db48,ok
BEs 1933\OUTUBRO\07\99862\00000019.pdf,D:\TSJE_ATAS\1933\1933-10-07 - BE n138 [99862].pdf,a70c84218214e7595183c3ce4e9990041f685f99,ok
BEs 1933\OUTUBRO\11\99863\00000020.pdf,D:\TSJE_ATAS\1933\1933-10-11 - BE n139 [99863].pdf,486b069f1a1f9b44b192bbde1d6b8f6bd1215b1d,ok
BEs 1933\OUTUBRO\14\99864\00000021.pdf,D:\TSJE_ATAS\1933\1933-10-14 - BE n140 [99864].pdf,d1cf61564207fd19d7fc34c35b7a1b96b788965d,ok
BEs 1933\OUTUBRO\18\99865\00000022.pdf,D:\TSJE_ATAS\1933\1933-10-18 - BE n141 [99865].pdf,70fee0e22e656e60d411879efdc7568705dd3115,ok
BEs 1933\OUTUBRO\21\99866\00000023.pdf,D:\TSJE_ATAS\1933\1933-10-21 - BE n142 [99866].pdf,852476e8c16028f44f584698eb254c6c9b826710,ok
BEs 1933\OUTUBRO\25\99867\00000024.pdf,D:\TSJE_ATAS\1933\1933-10-25 - BE n143 [99867].pdf,2a188c9f5f218e513aa47732a39a8e4df3433b5b,ok
BEs 1933\OUTUBRO\28\99868\00000025.pdf,D:\TSJE_ATAS\1933\1933-10-28 - BE n144 [99868].pdf,33d2e5072a552fc65a5e3ebee2f4474bbaf40dca,ok
BEs 1933\NOVEMBRO\01\99869\00000026.pdf,D:\TSJE_ATAS\1933\1933-11-01 - BE n145 [99869].pdf,2f0018c36e8446bd2f9e535448cb5450431f76af,ok
BEs 1933\NOVEMBRO\04\99870\00000027.pdf,D:\TSJE_ATAS\1933\1933-11-04 - BE n146 [99870].pdf,ee423d1e0725aee2306c5604096506da1dba7083,ok
BEs 1933\NOVEMBRO\08\99871\00000028.pdf,D:\TSJE_ATAS\1933\1933-11-08 - BE [99871].pdf,b5af3d4ccac19756cea6b651c587d9085a5a98de,ok
BEs 1933\NOVEMBRO\16\99873\00000030.pdf,D:\TSJE_ATAS\1933\1933-11-16 - BE n149 [99873].pdf,a49e403fd0d39c38cce57d4e8cc59e6d22c285e2,ok
BEs 1933\NOVEMBRO\18\99874\00000031.pdf,D:\TSJE_ATAS\1933\1933-11-18 - BE n150 [99874].pdf,12b961adc5dbd7831a1d689b1afd826db3a53599,ok
BEs 1933\NOVEMBRO\22\99875\00000032.pdf,D:\TSJE_ATAS\1933\1933-11-22 - BE n151 [99875].pdf,0cb68bc6540a32b968db715426f8d8e5fabb1e48,ok
BEs 1933\NOVEMBRO\23\99876\00000033.pdf,D:\TSJE_ATAS\1933\1933-11-23 - BE n152 [99876].pdf,b4ac7e5c0fc0995b91dbb9593a4bb49fad939caf,ok
BEs 1933\NOVEMBRO\25\99877\00000034.pdf,D:\TSJE_ATAS\1933\1933-11-25 - BE n153 [99877].pdf,1741300ce4baba7003f53026b1a8c010af350540,ok
BEs 1933\NOVEMBRO\29\99878\00000035.pdf,D:\TSJE_ATAS\1933\1933-11-29 - BE n154 [99878].pdf,7bfe5fa2a476b61847f0e467c30b36147641dfdc,ok
BEs 1933\DEZEMBRO\02\99879\00000036.pdf,D:\TSJE_ATAS\1933\1933-12-02 - BE n155 [99879].pdf,e350bab6cb77e68bb6260c742e11949be4b84c12,ok
BEs 1933\DEZEMBRO\06\99880\00000037.pdf,D:\TSJE_ATAS\1933\1933-12-06 - BE n156 [99880].pdf,fa24979145db3a9d326a4c880dcba6e02f99348f,ok
BEs 1933\DEZEMBRO\09\99881\00000038.pdf,D:\TSJE_ATAS\1933\1933-12-09 - BE n157 [99881].pdf,c46c94e159fe3eab994357b8bdfaecce062a8551,ok
BEs 1933\DEZEMBRO\13\99882\00000039.pdf,D:\TSJE_ATAS\1933\1933-12-13 - BE n158 [99882].pdf,a323b327345afce39b9496c79da1afccb1ad9648,ok
BEs 1933\DEZEMBRO\16\99883\00000040.pdf,D:\TSJE_ATAS\1933\1933-12-16 - BE n159 [99883].pdf,8ea8a65d2a26d1167bf7871f8c1b311a9b4bb35c,ok
BEs 1933\DEZEMBRO\23\99885\00000042.pdf,D:\TSJE_ATAS\1933\1933-12-23 - BE n161 [99885].pdf,3fc70ce8c73bdfa617205ff074944d4d85b77fb7,ok
BEs 1933\DEZEMBRO\27\99886\00000043.pdf,D:\TSJE_ATAS\1933\1933-12-27 - BE n162 [99886].pdf,023cb854ba544ed998a353e89151bd40fb02e875,ok
BEs 1933\DEZEMBRO\30\99887\00000044.pdf,D:\TSJE_ATAS\1933\1933-12-30 - BE n163 [99887].pdf,05e4349701857689a6934b4006bf7cd348a2a267,ok
BEs 1934\JANEIRO\03\99364\00000001.pdf,D:\TSJE_ATAS\1934\1934-01-03 - BE n001 [99364].pdf,a453f7b8d0df944db0fe8c1343cb74151c866c38,ok
BEs 1934\JANEIRO\10\99366\00000003.pdf,D:\TSJE_ATAS\1934\1934-01-10 - BE n003 [99366].pdf,46de33fcf2e1621e877b3a03befa6813f434ca19,ok
BEs 1934\JANEIRO\13\99367\00000004.pdf,D:\TSJE_ATAS\1934\1934-01-13 - BE n004 [99367].pdf,e7370f8840032d3a2cf629dd40a395be4ca1432f,ok
BEs 1934\JANEIRO\17\99368\00000005.pdf,D:\TSJE_ATAS\1934\1934-01-17 - BE n005 [99368].pdf,d0afa6f38d6f1e3c0f3c975d1a194000be264413,ok
BEs 1934\JANEIRO\20\99369\00000006.pdf,D:\TSJE_ATAS\1934\1934-01-20 - BE n006 [99369].pdf,ffa38021a1e7559958e4c776b0845794882a6f60,ok
BEs 1934\JANEIRO\25\99371\00000008.pdf,D:\TSJE_ATAS\1934\1934-01-25 - BE n008 [99371].pdf,c86699fd13828f44308ed9ebe2e3e14bd44b70ef,ok
BEs 1934\JANEIRO\31\99373\00000010.pdf,D:\TSJE_ATAS\1934\1934-01-31 - BE n010 [99373].pdf,182b540c473da5ea9c70e20650fbd1e27da463e4,ok
BEs 1934\FEVEREIRO\03\99374\00000011.pdf,D:\TSJE_ATAS\1934\1934-02-03 - BE n011 [99374].pdf,7b0c31adab2852ff537b8d6c3b9369169eef34f3,ok
BEs 1934\FEVEREIRO\14\99377\00000014.pdf,D:\TSJE_ATAS\1934\1934-02-14 - BE n014 [99377].pdf,2fb8d0e007d423a020a2c0424a116b7a96f19257,ok
BEs 1934\FEVEREIRO\17\99378\00000015.pdf,D:\TSJE_ATAS\1934\1934-02-17 - BE n015 [99378].pdf,e7310abcb74ed35972f28775d54ee655b4afc678,ok
BEs 1934\FEVEREIRO\21\99379\00000016.pdf,D:\TSJE_ATAS\1934\1934-02-21 - BE n016 [99379].pdf,37f3ca03dcf8378d0a85426f474bfd1a5757924d,ok
BEs 1934\FEVEREIRO\24\99396\00000017.pdf,D:\TSJE_ATAS\1934\1934-02-24 - BE n017 [99396].pdf,2a9dd2235f5ca409ae106befdc4ce92aff7c3e13,ok
BEs 1934\FEVEREIRO\28\99397\00000018.pdf,D:\TSJE_ATAS\1934\1934-02-28 - BE n018 [99397].pdf,bada11fee9df93b2605aa0a928b391bb28a7dd24,ok
BEs 1934\MARÇO\03\99398\00000019.pdf,D:\TSJE_ATAS\1934\1934-03-03 - BE n019 [99398].pdf,0a6d84263b8dacaa94b0b99e1a1b38dee8d723ed,ok
BEs 1934\MARÇO\17\99402\00000023.pdf,D:\TSJE_ATAS\1934\1934-03-17 - BE n023 [99402].pdf,10625e4394b68115ae0dc4d32fdf56a9e7a91632,ok
BEs 1934\MARÇO\21\99403\00000024.pdf,D:\TSJE_ATAS\1934\1934-03-21 - BE n024 [99403].pdf,ad95a88fab4585d8435919db2d9a233beceed555,ok
BEs 1934\MARÇO\28\99406\00000027.pdf,D:\TSJE_ATAS\1934\1934-03-28 - BE n027 [99406].pdf,ae5725f28ba137048846fb70042a3a1c8d1d4d44,ok
BEs 1934\ABRIL\07\99409\00000030.pdf,D:\TSJE_ATAS\1934\1934-04-07 - BE n030 [99409].pdf,4724be309720501f71a43c880c074eb1e3ab163a,ok
BEs 1934\ABRIL\11\99410\00000031.pdf,D:\TSJE_ATAS\1934\1934-04-11 - BE n031 [99410].pdf,8f0967904476f1f8dfbbf9ca8b9c120ea31da6f7,ok
BEs 1934\ABRIL\18\99412\00000033.pdf,D:\TSJE_ATAS\1934\1934-04-18 - BE n033 [99412].pdf,4bdb0e0d14e18f2e2f8ac13df7816a883152fded,ok
BEs 1934\ABRIL\20\99479\00000034.pdf,D:\TSJE_ATAS\1934\1934-04-20 - BE n034 [99479].pdf,957863558f58c2352ce39d9e4300252610d9daf6,ok
BEs 1934\ABRIL\28\99481\00000036.pdf,D:\TSJE_ATAS\1934\1934-04-28 - BE n036 [99481].pdf,54efe111bf00690544a9a1f45eebd11dc94a26fc,ok
BEs 1934\MAIO\1934_boletim_eleitoral_a3_n42.pdf,D:\TSJE_ATAS\1934\1934-05-12 - BE n042 [30f60564].pdf,30f60564057c9f5463f5b79058fd0828f5217b51,ok
BEs 1934\MAIO\30\99436\00000009.pdf,D:\TSJE_ATAS\1934\1934-05-30 - BE n045 [99436].pdf,186e174cc1ac8ab328c50d52cb7a118a70f011cd,ok
BEs 1934\JUNHO\06\99561\00000011.pdf,D:\TSJE_ATAS\1934\1934-06-06 - BE n113 [99561].pdf,6d0223558ade50bf3e6bfc940e3d27ed475c8c81,ok
BEs 1934\JUNHO\09\99562\00000012.pdf,D:\TSJE_ATAS\1934\1934-06-09 - BE n048 [99562].pdf,bcae1049f5d2059bda6f6b2c9abbed323347d9ce,ok
BEs 1934\JUNHO\13\99564\00000014.pdf,D:\TSJE_ATAS\1934\1934-06-13 - BE [99564].pdf,5d12827272717f31677ff776907f5e649e1d1c0f,ok
BEs 1934\JUNHO\27\99570\00000020.pdf,D:\TSJE_ATAS\1934\1934-06-27 - BE n055 [99570].pdf,dc69d8e94642bd739a4148b6f06587bcf256c8ca,ok
BEs 1934\JULHO\1934_boletim_eleitoral_a3_n59.pdf,D:\TSJE_ATAS\1934\1934-07-11 - BE n059 [090f2418].pdf,090f2418a7f6f86254f443302ed1a97779d08bb9,ok
BEs 1934\AGOSTO\13\99604\00000006.pdf,D:\TSJE_ATAS\1934\1934-08-13 - BE n071 [99604].pdf,e2b9156bf285eeb57f59eb0a6ce1b530f70369c8,ok
BEs 1934\AGOSTO\15\99616\00000008.pdf,D:\TSJE_ATAS\1934\1934-08-15 - BE [99616].pdf,384237e24c1349c8422b03d90ec732bbe8acd7c3,ok
BEs 1934\AGOSTO\31\99657\00000007.pdf,D:\TSJE_ATAS\1934\1934-08-31 - BE [99657].pdf,d0da99de32cc412eecfebf397595c22acbcacd10,ok
BEs 1934\SETEMBRO\17\99642\00000007.pdf,D:\TSJE_ATAS\1934\1934-09-17 - BE n095 [99642].pdf,a161b3f7377d086d9f1e3703f6225f2cef539ee7,ok
BEs 1934\SETEMBRO\19\99647\00000008.pdf,D:\TSJE_ATAS\1934\1934-09-19 - BE [99647].pdf,89f79ca39e2302fcce62ef71b1b636fd89e642c8,ok
BEs 1934\SETEMBRO\21\99653\00000009.pdf,D:\TSJE_ATAS\1934\1934-09-21 - BE [99653].pdf,3b8fae4f2a0e481bd96f0075b3a08dd09e2faec4,ok
BEs 1934\SETEMBRO\24\99656\00000010.pdf,D:\TSJE_ATAS\1934\1934-09-24 - BE n098 [99656].pdf,0155b355ce337884a5bc682a7046d70775f225bf,ok
BEs 1934\SETEMBRO\26\99658\00000011.pdf,D:\TSJE_ATAS\1934\1934-09-26 - BE n099 [99658].pdf,9101b8e3cd40d94f0d2d2c15e865bc45f7c4c185,ok
BEs 1934\OUTUBRO\20\99679\00000013.pdf,D:\TSJE_ATAS\1934\1934-10-20 - BE n111 [99679].pdf,fee6287a668ed4c9b3ff272dcf9be45e85db6e0d,ok
BEs 1934\OUTUBRO\24\99680\00000014.pdf,D:\TSJE_ATAS\1934\1934-10-24 - BE n112 [99680].pdf,f4fa07971c0d8228ea2000cbca2dc602ea5650b2,ok
BEs 1935\FEVEREIRO\06\99810\00000017.pdf,D:\TSJE_ATAS\1935\1935-02-06 - BE n011 [99810].pdf,a0388f9309f7842f07e2f5898d4cd15212a3ad07,ok
BEs 1935\FEVEREIRO\08\99811\00000018.pdf,D:\TSJE_ATAS\1935\1935-02-08 - BE n018 [99811].pdf,3df896d1672c234be17eb409a42b98fbca6a601d,ok
BEs 1935\FEVEREIRO\09\99812\00000019.pdf,D:\TSJE_ATAS\1935\1935-02-09 - BE n019 [99812].pdf,63e68d0b34667a4e985ef1ef6c8e31e895909dd8,ok
BEs 1935\FEVEREIRO\10\99813\00000020.pdf,D:\TSJE_ATAS\1935\1935-02-10 - BE [99813].pdf,7978c486bcee544ad2e80fc1ec2618b86f50bbff,ok
BEs 1935\FEVEREIRO\13\99814\00000021.pdf,D:\TSJE_ATAS\1935\1935-02-13 - BE n021 [99814].pdf,52b5affff0042122c25fcffa769746b129a03793,ok
BEs 1935\FEVEREIRO\14\99815\00000022.pdf,D:\TSJE_ATAS\1935\1935-02-14 - BE [99815].pdf,aba34756fb99a1df6bacb2661a1dca0fd6b2fe1c,ok
BEs 1935\FEVEREIRO\22\99819\00000026.pdf,D:\TSJE_ATAS\1935\1935-02-22 - BE n026 [99819].pdf,a966936bef1c34c04ab36b671515f974ddb892b1,ok
BEs 1935\FEVEREIRO\27\99821\00000028.pdf,D:\TSJE_ATAS\1935\1935-02-27 - BE n028 [99821].pdf,3447e4d71127308c4698884c3cb4f1f15f6e3b69,ok
BEs 1935\MARÇO\02\99697\00000001.pdf,D:\TSJE_ATAS\1935\1935-03-02 - BE n030 [99697].pdf,5ab61fddaf20e2e3a3e8215eae8b6e7f48c24003,ok
BEs 1935\MARÇO\10\99699\00000003.pdf,D:\TSJE_ATAS\1935\1935-03-10 - BE n032 [99699].pdf,44aaeb8d3ef40e2cc0e424bc9ad8561d8e5a0695,ok
BEs 1935\MARÇO\13\99700\00000004.pdf,D:\TSJE_ATAS\1935\1935-03-13 - BE n033 [99700].pdf,67acf4ff5d8d2d87592226d641587d4d295d90b6,ok
BEs 1935\MARÇO\19\99961\00000008  (março .33).pdf,D:\TSJE_ATAS\1935\1935-03-19 - BE [99961].pdf,2afcbfa4e295ae0d35a20717af56d3ab4b61095b,ok
BEs 1935\MARÇO\1935_boletim_eleitoral_a4_n40.pdf,D:\TSJE_ATAS\1935\1935-03-27 - BE n040 [e277bf1f].pdf,e277bf1fbd5c0b98d7b9f17ab3ad7967b6c4271c,ok
BEs 1935\ABRIL\02\BE 02-04-1935.pdf,D:\TSJE_ATAS\1935\1935-04-02 - BE n042 [1255e87a].pdf,1255e87ae49ea237d0d4e14e61ff2038a1fd2d83,ok
BEs 1935\ABRIL\03\99710\00000014.pdf,D:\TSJE_ATAS\1935\1935-04-03 - BE n013 [99710].pdf,3ca5c550dd398e7e87150aaad103dff2ccbbfcdd,ok
BEs 1935\ABRIL\13\99714\00000018.pdf,D:\TSJE_ATAS\1935\1935-04-13 - BE n047 [99714].pdf,3232c38d29fbdd9f4e6ce64b988aaf2fcaac6816,ok
BEs 1935\ABRIL\17\99715\00000019.pdf,D:\TSJE_ATAS\1935\1935-04-17 - BE n048 [99715].pdf,522f9a9afe3ca336b187c1d71413a86336a8fd59,ok
BEs 1935\ABRIL\20\99716\00000020.pdf,D:\TSJE_ATAS\1935\1935-04-20 - BE n049 [99716].pdf,54e0daca26dd161e0e738000a5b043a108593fa7,ok
BEs 1935\ABRIL\27\99719\00000023.pdf,D:\TSJE_ATAS\1935\1935-04-27 - BE n052 [99719].pdf,226c95b3bdf66591e32122fd2be698489e3c02e1,ok
BEs 1935\MAIO\05\99737\00000002.pdf,D:\TSJE_ATAS\1935\1935-05-05 - BE [99737].pdf,ccca0efc6502d6692629f3ed579a827818a88e83,ok
BEs 1935\MAIO\08\99738\00000003.pdf,D:\TSJE_ATAS\1935\1935-05-08 - BE n055 [99738].pdf,b30e5a6a915dad4b41d21e2719131b116876d8cb,ok
BEs 1935\MAIO\11\99739\00000004.pdf,D:\TSJE_ATAS\1935\1935-05-11 - BE [99739].pdf,18aa575f5cc97e0e0b04de250272bb97b7c35d7a,ok
BEs 1935\MAIO\15\99740\00000005.pdf,D:\TSJE_ATAS\1935\1935-05-15 - BE [99740].pdf,7526a9c66cffc073186efc723697eff120294d75,ok
BEs 1935\MAIO\18\99741\00000006.pdf,D:\TSJE_ATAS\1935\1935-05-18 - BE [99741].pdf,55650af51a3a1629ba45e18436cd96b966efc9a8,ok
BEs 1935\MAIO\25\99743\00000008.pdf,D:\TSJE_ATAS\1935\1935-05-25 - BE n060 [99743].pdf,023684d092c2258eeb5987fb6b9d469fba73b99f,ok
BEs 1935\MAIO\29\99744\00000009.pdf,D:\TSJE_ATAS\1935\1935-05-29 - BE [99744].pdf,62f03a722d3bd45a1e6b44c2714f3ddf7e36518a,ok
BEs 1935\MAIO\30\99745\00000010.pdf,D:\TSJE_ATAS\1935\1935-05-30 - BE n062 [99745].pdf,afc36f5d718f74d8bf6f2d73a595b22c547e1cf9,ok
BEs 1935\JUNHO\05\99747\00000012.pdf,D:\TSJE_ATAS\1935\1935-06-05 - BE n064 [99747].pdf,a0d35b2ef3ac279bdcab7178ebc2ad1e7575e32f,ok
BEs 1935\JUNHO\12\99749\00000014.pdf,D:\TSJE_ATAS\1935\1935-06-12 - BE n066 [99749].pdf,9360467b77aebbefed6c6802e1ad4dd65561606f,ok
BEs 1935\JUNHO\22\99752\00000017.pdf,D:\TSJE_ATAS\1935\1935-06-22 - BE n069 [99752].pdf,bfc5da7ed9b56cebd428366a1b53707ff5a6db77,ok
BEs 1935\JUNHO\25\99753\00000018.pdf,D:\TSJE_ATAS\1935\1935-06-25 - BE n070 [99753].pdf,8cef7f0294ff446093847b0683b8502b2b62539d,ok
BEs 1935\JUNHO\29\99756\00000021.pdf,D:\TSJE_ATAS\1935\1935-06-29 - BE n073 [99756].pdf,6b45b1d48aa83d777028d3985dfd4f70b5b0b3c8,ok
BEs 1935\JULHO\04\99757\00000001.pdf,D:\TSJE_ATAS\1935\1935-07-04 - BE n074 [99757].pdf,8214e7cb35d4581ce46e546d56ec149cc28600e7,ok
BEs 1935\JULHO\06\99758\00000002.pdf,D:\TSJE_ATAS\1935\1935-07-06 - BE n075 [99758].pdf,f126efd7a92c4a736dfda4c238338051957def08,ok
BEs 1935\JULHO\16\99762\00000006.pdf,D:\TSJE_ATAS\1935\1935-07-16 - BE n079 [99762].pdf,4dafa5bb3c5cc7f789ed297a79b2231f59a5f747,ok
BEs 1935\JULHO\18\99763\00000007.pdf,D:\TSJE_ATAS\1935\1935-07-18 - BE n080 [99763].pdf,53afda4f7985fe3d4bbc67e6ee3755fbd77c8095,ok
BEs 1935\JULHO\25\99766\00000010.pdf,D:\TSJE_ATAS\1935\1935-07-25 - BE n083 [99766].pdf,e731c7d481aafc8ea07c8fcd77d76e1511bfdc2d,ok
BEs 1935\AGOSTO\01\99769\00000013.pdf,D:\TSJE_ATAS\1935\1935-08-01 - BE n086 [99769].pdf,9d0ccabe2426d6d6b050b6f807be89591058c46b,ok
BEs 1935\AGOSTO\08\99772\00000016.pdf,D:\TSJE_ATAS\1935\1935-08-08 - BE n089 [99772].pdf,3bc775017f362a05b1fa17e253958c61be430710,ok
BEs 1935\AGOSTO\10\99773\00000017.pdf,D:\TSJE_ATAS\1935\1935-08-10 - BE n090 [99773].pdf,5374205dc7a8f710b12a92ccfc4868b6ab151656,ok
BEs 1935\AGOSTO\20\99777\00000021.pdf,D:\TSJE_ATAS\1935\1935-08-20 - BE n094 [99777].pdf,d2db24cbd539fbcf773b1eba7bc82a1d5efc95f8,ok
BEs 1935\AGOSTO\22\99778\00000022.pdf,D:\TSJE_ATAS\1935\1935-08-22 - BE n095 [99778].pdf,84b724eac3c188598b8667ec2ef00b321735ff26,ok
BEs 1935\AGOSTO\29\99781\00000025.pdf,D:\TSJE_ATAS\1935\1935-08-29 - BE n098 [99781].pdf,505ded87beb49850ef2298fc7b2a0d20102ce76c,ok
BEs 1935\SETEMBRO\14\99828\00000006.pdf,D:\TSJE_ATAS\1935\1935-09-14 - BE [99828].pdf,2d4a78b42120c86bd2eeab9558218f400e936d52,ok
BEs 1935\SETEMBRO\17\99829\00000007.pdf,D:\TSJE_ATAS\1935\1935-09-17 - BE n100 [99829].pdf,9db5587ce2f7803e1b8e16e2f15cf9a4be31d821,ok
BEs 1935\SETEMBRO\21\99831\00000009.pdf,D:\TSJE_ATAS\1935\1935-09-21 - BE [99831].pdf,d272bcbc59f81d2028319fd159d35d9898c4eade,ok
BEs 1935\OUTUBRO\01\99835\00000013.pdf,D:\TSJE_ATAS\1935\1935-10-01 - BE [99835].pdf,9303b3469de4cb069fa06ea01d22992dfe7f119f,ok
BEs 1935\OUTUBRO\10\99839\00000017.pdf,D:\TSJE_ATAS\1935\1935-10-10 - BE n116 [99839].pdf,6a756312369804a801056fccfb78a1b4d56a7037,ok
BEs 1935\OUTUBRO\17\99842\00000020.pdf,D:\TSJE_ATAS\1935\1935-10-17 - BE [99842].pdf,c21437522380aec420dfa6d2955626a4e4c74488,ok
BEs 1935\OUTUBRO\19\99843\00000021.pdf,D:\TSJE_ATAS\1935\1935-10-19 - BE n120 [99843].pdf,396adaf49e59d463c8f3f496f9b9e8b0ffb71e53,ok
BEs 1935\OUTUBRO\22\99844\00000022.pdf,D:\TSJE_ATAS\1935\1935-10-22 - BE n121 [99844].pdf,4a1d24073b8a7ba13284138b22afbdc1234aa44f,ok
BEs 1935\OUTUBRO\24\99845\00000023.pdf,D:\TSJE_ATAS\1935\1935-10-24 - BE n122 [99845].pdf,7cf75cbbedd5862d505e8f6a5ea4bf8010ffc7ce,ok
BEs 1935\OUTUBRO\31\99848\00000026.pdf,D:\TSJE_ATAS\1935\1935-10-31 - BE [99848].pdf,6389372f02af55276f659da37a4b4682c91b2733,ok
BEs 1935\NOVEMBRO\02\99896\00000001.pdf,D:\TSJE_ATAS\1935\1935-11-02 - BE [99896].pdf,906fb1b09725b637690466f9e592da20fe38469f,ok
BEs 1935\NOVEMBRO\09\99899\00000004.pdf,D:\TSJE_ATAS\1935\1935-11-09 - BE [99899].pdf,82e6c7115f8680c43121d3e60725730ef6f8bdae,ok
BEs 1935\NOVEMBRO\12\99900\00000005.pdf,D:\TSJE_ATAS\1935\1935-11-12 - BE [99900].pdf,6f826903629d97cd150d6fdb4f5b8f54a4a971ec,ok
BEs 1935\NOVEMBRO\14\99901\00000006.pdf,D:\TSJE_ATAS\1935\1935-11-14 - BE [99901].pdf,e28bab975c72ded354a0fccdfc1abadaebcba7cb,ok
BEs 1935\NOVEMBRO\19\99904\00000008.pdf,D:\TSJE_ATAS\1935\1935-11-19 - BE [99904].pdf,c1012130382c76bee9005b1078872ff33749421c,ok
BEs 1935\NOVEMBRO\23\99906\00000010.pdf,D:\TSJE_ATAS\1935\1935-11-23 - BE n135 [99906].pdf,80a92fa56d003c6d33c4c7673eec64f9c270150c,ok
BEs 1935\NOVEMBRO\26\99908\00000011.pdf,D:\TSJE_ATAS\1935\1935-11-26 - BE [99908].pdf,68e74939b7dfaf5c8277b4714433227267f44d97,ok
BEs 1935\NOVEMBRO\28\99909\00000012.pdf,D:\TSJE_ATAS\1935\1935-11-28 - BE n137 [99909].pdf,89fc9e10ddc26a02280bf62423011e3978f6cba4,ok
BEs 1935\NOVEMBRO\30\99911\00000013.pdf,D:\TSJE_ATAS\1935\1935-11-30 - BE [99911].pdf,cc4a195e2bcc30ba3ae2e4cfe36b0bb69f8457a7,ok
BEs 1935\DEZEMBRO\05\99915\00000015.pdf,D:\TSJE_ATAS\1935\1935-12-05 - BE [99915].pdf,15002b891afaf897882808a328a60e9dbadb1cc7,ok
BEs 1935\DEZEMBRO\12\99920\00000018.pdf,D:\TSJE_ATAS\1935\1935-12-12 - BE [99920].pdf,fc47c6893a212ee32f6bee3dd86c6b596b99ff48,ok
BEs 1935\DEZEMBRO\24\99925\00000023.pdf,D:\TSJE_ATAS\1935\1935-12-24 - BE n014 [99925].pdf,17650a04c18d47e626210d434adbadadd54ee877,ok
BEs 1935\DEZEMBRO\28\99927\00000025.pdf,D:\TSJE_ATAS\1935\1935-12-28 - BE [99927].pdf,c161f9a8a0f1f02ccb3032b2ec7d806650f694c2,ok
BEs 1936\JANEIRO\07\99935\00000003.pdf,D:\TSJE_ATAS\1936\1936-01-07 - BE [99935].pdf,68d396115944290fd809bec964befcc5de35c750,ok
BEs 1936\JANEIRO\09\99936\00000004.pdf,D:\TSJE_ATAS\1936\1936-01-09 - BE [99936].pdf,4d5e31732bdac38bb3d62e35a88d27cd9abf1dd7,ok
BEs 1936\JANEIRO\18\99940\00000008.pdf,D:\TSJE_ATAS\1936\1936-01-18 - BE [99940].pdf,f607d7634473e2f9a754f4148cd7ae5982708077,ok
BEs 1936\JANEIRO\23\99942\00000010.pdf,D:\TSJE_ATAS\1936\1936-01-23 - BE [99942].pdf,de0e74155626da665d8a22db0e741a4b22ea5dc6,ok
BEs 1936\JANEIRO\28\99944\00000012.pdf,D:\TSJE_ATAS\1936\1936-01-28 - BE [99944].pdf,d9ceafbd113fba056fef3f07228e43e05db8463f,ok
BEs 1936\FEVEREIRO\01\99946\00000014.pdf,D:\TSJE_ATAS\1936\1936-02-01 - BE [99946].pdf,4e239a749bc954bb6275dcf77627da3ad1080ecc,ok
BEs 1936\FEVEREIRO\06\99948\00000016.pdf,D:\TSJE_ATAS\1936\1936-02-06 - BE [99948].pdf,5ac591a5da11f23d4e6324c12d39dc4e50c9d613,ok
BEs 1936\FEVEREIRO\08\99949\00000017.pdf,D:\TSJE_ATAS\1936\1936-02-08 - BE [99949].pdf,078b301e6696cba02bd1cf55c37c1ece65004dfd,ok
BEs 1936\FEVEREIRO\15\99952\00000020.pdf,D:\TSJE_ATAS\1936\1936-02-15 - BE [99952].pdf,7d34d7636fef700840201a2d1acdfaf57636cfe9,ok
BEs 1936\FEVEREIRO\22\99955\00000023.pdf,D:\TSJE_ATAS\1936\1936-02-22 - BE n023 [99955].pdf,f43971c45f8e3b07714c2f8bc80969af6b9cef9e,ok
BEs 1936\MARÇO\05\99930\00000002.pdf,D:\TSJE_ATAS\1936\1936-03-05 - BE [99930].pdf,4a38e6e4dd2d66939d2df3781fb69d2b5a3717d1,ok
BEs 1936\MARÇO\05\99965\00000027.pdf,D:\TSJE_ATAS\1936\1936-03-05 - BE [99965].pdf,6ce9b1dfaefdaa403e1ed637ae55fc1abffc4a67,ok
BEs 1936\MARÇO\07\99931\00000003.pdf,D:\TSJE_ATAS\1936\1936-03-07 - BE [99931].pdf,3e725f4e8b149301ae7798e0c0f81347addf7c89,ok
BEs 1936\MARÇO\07\99967\00000028.pdf,D:\TSJE_ATAS\1936\1936-03-07 - BE [99967].pdf,9fd6f71fdbe4de38074bc9e99a4880bbf8840b49,ok
BEs 1936\MARÇO\00000006 (1936).pdf,D:\TSJE_ATAS\1936\1936-03-14 - BE n031 [d77c935f].pdf,d77c935f100eb14d2b19ea76ee05861dce7eba54,ok
BEs 1936\MARÇO\14\99972\00000031.pdf,D:\TSJE_ATAS\1936\1936-03-14 - BE n031 [99972].pdf,1c64327445ca5f14f2e689aa8c52db2519daedf5,ok
BEs 1936\MARÇO\19\99974\00000033.pdf,D:\TSJE_ATAS\1936\1936-03-19 - BE [99974].pdf,bc79284fbfc09b4c20fc5dd7ed4b7420fcd71734,ok
BEs 1936\MARÇO\21\99962\00000009.pdf,D:\TSJE_ATAS\1936\1936-03-21 - BE [99962].pdf,ba5e6539932dd6d059394a26a571ee6e8ac92a34,ok
BEs 1936\MARÇO\21\99975\00000034.pdf,D:\TSJE_ATAS\1936\1936-03-21 - BE [99975].pdf,43c1c9f9899103a2e5944496cce544005df1eff9,ok
BEs 1936\MARÇO\26\99978\00000036.pdf,D:\TSJE_ATAS\1936\1936-03-26 - BE [99978].pdf,3c02e6a878e6bde83ca55cc7813a5dcb04bc9822,ok
BEs 1936\MARÇO\31\99969\00000013.pdf,D:\TSJE_ATAS\1936\1936-03-31 - BE n038 [99969].pdf,d5358fbfe5f3a7d6165c0b75720c935a4d2b52de,ok
BEs 1936\MARÇO\31\99981\00000038.pdf,D:\TSJE_ATAS\1936\1936-03-31 - BE [99981].pdf,4cc98b107862f4f8528fac7cc18a3ac376b6c7e1,ok
BEs 1936\ABRIL\02\99977\00000014.pdf,D:\TSJE_ATAS\1936\1936-04-02 - BE [99977].pdf,80c02de62d9d467aeda9ee65422f13435a532b9e,ok
BEs 1936\ABRIL\04\99979\00000015.pdf,D:\TSJE_ATAS\1936\1936-04-04 - BE [99979].pdf,b06db170d73f3d36e039321dd11e78bde90acae9,ok
BEs 1936\ABRIL\09\99983\00000017.pdf,D:\TSJE_ATAS\1936\1936-04-09 - BE [99983].pdf,de056c66c21f3bfb6333db9750144c076c5f0139,ok
BEs 1936\ABRIL\16\99985\00000019.pdf,D:\TSJE_ATAS\1936\1936-04-16 - BE [99985].pdf,e11df50feca1640bf1dae82bf1b4e2ab7555078e,ok
BEs 1936\ABRIL\23\99988\00000022.pdf,D:\TSJE_ATAS\1936\1936-04-23 - BE n047 [99988].pdf,085c3e86f7282131c4c5a99ef9a51798dd1decb8,ok
BEs 1936\ABRIL\25\99989\00000023.pdf,D:\TSJE_ATAS\1936\1936-04-25 - BE n048 [99989].pdf,31627789628dfedcd35bc9cbc2f81c61eb8a916d,ok
BEs 1936\ABRIL\28\99990\00000024.pdf,D:\TSJE_ATAS\1936\1936-04-28 - BE [99990].pdf,b3e4d4fe75d5429c1622e92d0c2c525551242c79,ok
BEs 1936\ABRIL\30\99991\00000025.pdf,D:\TSJE_ATAS\1936\1936-04-30 - BE n050 [99991].pdf,4f03d4d3068e28e0c5f85f8bcee50c211439b5cd,ok
BEs 1936\MAIO\05\99993\00000002.pdf,D:\TSJE_ATAS\1936\1936-05-05 - BE n052 [99993].pdf,77d11aeba741fc6c961d09d8dcbb8af0d23ea353,ok
BEs 1936\MAIO\07\99994\00000003.pdf,D:\TSJE_ATAS\1936\1936-05-07 - BE [99994].pdf,a08727ad32560a550d11ffc9e544f568d577e0d9,ok
BEs 1936\MAIO\09\99996\00000004.pdf,D:\TSJE_ATAS\1936\1936-05-09 - BE [99996].pdf,d73ea5503196c3c5c8c091914acce38245df2e13,ok
BEs 1936\MAIO\14\99998\00000006.pdf,D:\TSJE_ATAS\1936\1936-05-14 - BE [99998].pdf,5bdb9c5088c54b6266517ae803db646b4cac4481,ok
BEs 1936\MAIO\16\99999\00000007.pdf,D:\TSJE_ATAS\1936\1936-05-16 - BE [99999].pdf,b641d4d8479f3f8293357ab975b6938e23d9090d,ok
BEs 1936\MAIO\19\100000\00000008.pdf,D:\TSJE_ATAS\1936\1936-05-19 - BE n058 [100000].pdf,9b71b069226ab0481033e8ef996161261fcc9baa,ok
BEs 1936\MAIO\23_1936_boletim_eleitoral_a5_n62.pdf,D:\TSJE_ATAS\1936\1936-05-23 - BE n062 [575e5a4f].pdf,575e5a4fc609dc4e54dec9a01331451634bd8ade,ok
BEs 1936\MAIO\1936_boletim_eleitoral_a5_n61.pdf,D:\TSJE_ATAS\1936\1936-05-26 - BE n061 [720d3d5b].pdf,720d3d5b41e2ec5133f250ff8e17330c90b1948f,ok
BEs 1936\JUNHO\1936_boletim_eleitoral_a5_n68.pdf,D:\TSJE_ATAS\1936\1936-05-30 - BE n068 [f8c403d8].pdf,f8c403d8b07c4dc2d0233cfc39c9ee1f1e44d774,ok
BEs 1936\JUNHO\1936_boletim_eleitoral_a5_n67.pdf,D:\TSJE_ATAS\1936\1936-06-09 - BE n067 [8c71f035].pdf,8c71f0352372570bd3532c717c007894f74195ff,ok
BEs 1936\JUNHO\16\100012\00000020.pdf,D:\TSJE_ATAS\1936\1936-06-16 - BE n070 [100012].pdf,4bb76d2f3374f356fa9709d70d7a8e50e587033b,ok
BEs 1936\JUNHO\20\100014\00000022.pdf,D:\TSJE_ATAS\1936\1936-06-20 - BE [100014].pdf,484708a68137e7204815c142b608a709f7a3c7ac,ok
BEs 1936\JUNHO\23\100015\00000023.pdf,D:\TSJE_ATAS\1936\1936-06-23 - BE [100015].pdf,d9bb8dd6169c07f4ff1b0d00645a092d48855662,ok
BEs 1936\JUNHO\25\100016\00000024.pdf,D:\TSJE_ATAS\1936\1936-06-25 - BE [100016].pdf,a8e80f9e40dbe2e8ee7d866dbc19225e25ff902c,ok
BEs 1936\JULHO\02\100019\00000001.pdf,D:\TSJE_ATAS\1936\1936-07-02 - BE [100019].pdf,347c963ca8948e90fe211c0fa6f3d0ac5ee4785c,ok
BEs 1936\JULHO\04\100020\00000002.pdf,D:\TSJE_ATAS\1936\1936-07-04 - BE [100020].pdf,5c06bed501e3b4b1a5213115d7a8a4be20b07497,ok
BEs 1936\JULHO\07\100021\00000003.pdf,D:\TSJE_ATAS\1936\1936-07-07 - BE n079 [100021].pdf,bfc891cdb78abcbf10882a25ede16b068ea69b6d,ok
BEs 1936\JULHO\09\100022\00000004.pdf,D:\TSJE_ATAS\1936\1936-07-09 - BE [100022].pdf,c0cce74b9a8639397e48e39a42f70a55868fa6c0,ok
BEs 1936\JULHO\11\100023\00000005.pdf,D:\TSJE_ATAS\1936\1936-07-11 - BE [100023].pdf,932ae392e8ae7097aaebf5bf0654d3db912856e8,ok
BEs 1936\JULHO\14\100024\00000006.pdf,D:\TSJE_ATAS\1936\1936-07-14 - BE [100024].pdf,130504e9b500c0e2295ea2572258394fc425637e,ok
BEs 1936\JULHO\16\100025\00000007.pdf,D:\TSJE_ATAS\1936\1936-07-16 - BE [100025].pdf,b04b2921f3164ebd097b664ae9a766ce2a6c1e2f,ok
BEs 1936\JULHO\18\100120\00000008.pdf,D:\TSJE_ATAS\1936\1936-07-18 - BE n084 [100120].pdf,c7c6b676086b306f216ebaa72f6c8c7f90f10e32,ok
BEs 1936\JULHO\21\100121\00000009.pdf,D:\TSJE_ATAS\1936\1936-07-21 - BE [100121].pdf,7479176233de12559b82e7cbc234d36eb7468b81,ok
BEs 1936\JULHO\23\100122\00000010.pdf,D:\TSJE_ATAS\1936\1936-07-23 - BE [100122].pdf,122aae2990a2bfadc2125aadb9405dba789173c4,ok
BEs 1936\JULHO\25\100123\00000011.pdf,D:\TSJE_ATAS\1936\1936-07-25 - BE [100123].pdf,8c6a0a0a76d9ae4819f22aa4803fe5a2f7adc7a1,ok
BEs 1936\JULHO\28\100124\00000012.pdf,D:\TSJE_ATAS\1936\1936-07-28 - BE [100124].pdf,7897797d593273eadb828ae763b8cf74940aabd7,ok
BEs 1936\JULHO\30\100126\00000014.pdf,D:\TSJE_ATAS\1936\1936-07-30 - BE [100126].pdf,b3efdcddb79f4ceca70113ae999432fa4cb37616,ok
BEs 1936\AGOSTO\01\100127\00000015.pdf,D:\TSJE_ATAS\1936\1936-08-01 - BE [100127].pdf,3f5f7856a209b73a3b13c18a38fd65a7b30dca98,ok
BEs 1936\AGOSTO\04\100128\00000016.pdf,D:\TSJE_ATAS\1936\1936-08-04 - BE n091 [100128].pdf,0c72073b926eaf5f97ccc8542a027072246a785e,ok
BEs 1936\AGOSTO\06\100129\00000017.pdf,D:\TSJE_ATAS\1936\1936-08-06 - BE n115 [100129].pdf,5945ddff69b5c86d46673ea56cd59c569f9fec3f,ok
BEs 1936\AGOSTO\08\100136\00000018.pdf,D:\TSJE_ATAS\1936\1936-08-08 - BE [100136].pdf,c6de8255d1211894c2aec3a1de2812e0a1852c65,ok
BEs 1936\AGOSTO\11\100137\00000019.pdf,D:\TSJE_ATAS\1936\1936-08-11 - BE [100137].pdf,647eca79798cae6a171a2d763f093f7aa20a7225,ok
BEs 1936\AGOSTO\13\100138\00000020.pdf,D:\TSJE_ATAS\1936\1936-08-13 - BE [100138].pdf,abb635f855e3f3a6331b2375c51ae2b823dc4a4a,ok
BEs 1936\AGOSTO\20\100141\00000023.pdf,D:\TSJE_ATAS\1936\1936-08-20 - BE [100141].pdf,f394c3ed1fe99131b4bbb12674960ba33e912fb4,ok
BEs 1936\AGOSTO\22\100142\00000024.pdf,D:\TSJE_ATAS\1936\1936-08-22 - BE [100142].pdf,58727e1a8772ab8e3ad497595e5aeadf48822ca7,ok
BEs 1936\SETEMBRO\1936_boletim_eleitoral_a5_n108.pdf,D:\TSJE_ATAS\1936\1936-08-24 - BE n108 [59a09b95].pdf,59a09b952eba137dc174baa51472f15b756b4e83,ok
BEs 1936\AGOSTO\25\100143\00000025.pdf,D:\TSJE_ATAS\1936\1936-08-25 - BE [100143].pdf,94dcd8362c88e0815e25e126397572dab79950d4,ok
BEs 1936\SETEMBRO\1936_boletim_eleitoral_a5_n111.pdf,D:\TSJE_ATAS\1936\1936-08-26 - BE n111 [7c779739].pdf,7c779739eaeb919913b2d161f0e81b86af81399d,ok
BEs 1936\AGOSTO\27\100144\00000026.pdf,D:\TSJE_ATAS\1936\1936-08-27 - BE n101 [100144].pdf,c55a8c1e3f0390bfd4d4a64342aad39394fbfaef,ok
BEs 1936\AGOSTO\29\100145\00000027.pdf,D:\TSJE_ATAS\1936\1936-08-29 - BE [100145].pdf,bed7c6be4e84b59b23c8d1fb33ec811e30b6e8ba,ok
BEs 1936\SETEMBRO\03\100147\00000029.pdf,D:\TSJE_ATAS\1936\1936-09-03 - BE [100147].pdf,fd39d0f695458b7669a01f4bd8163955cb08a018,ok
BEs 1936\SETEMBRO\1936_boletim_eleitoral_a5_n110.pdf,D:\TSJE_ATAS\1936\1936-09-17 - BE n110 [33e3b51e].pdf,33e3b51e3a82a8c475cc7b231aac542ebb0d0dd7,ok
BEs 1936\SETEMBRO\22\100155\00000037.pdf,D:\TSJE_ATAS\1936\1936-09-22 - BE [100155].pdf,6f6b0a3fced06fc3b48e88bb4f79511dcb2fda51,ok
BEs 1936\SETEMBRO\24\100156\00000038.pdf,D:\TSJE_ATAS\1936\1936-09-24 - BE [100156].pdf,e0a41a70e25a98fb1b6adc758452285f025e1de6,ok
BEs 1936\SETEMBRO\26\100157\00000039.pdf,D:\TSJE_ATAS\1936\1936-09-26 - BE [100157].pdf,383f2b67b29e10a453883535e2a51e72b168e036,ok
BEs 1936\SETEMBRO\29\100158\00000040.pdf,D:\TSJE_ATAS\1936\1936-09-29 - BE n115 [100158].pdf,3374eaf2389305a68fc37a24fc57190f2922e1fe,ok
BEs 1936\OUTUBRO\08\100033\00000004.pdf,D:\TSJE_ATAS\1936\1936-10-08 - BE [100033].pdf,fb815da62fa2a6629f8db5cbcfbcef4af954be55,ok
BEs 1936\OUTUBRO\15\100037\00000006.pdf,D:\TSJE_ATAS\1936\1936-10-15 - BE [100037].pdf,ed518602cd0455530937933d54b0aafd9695efc9,ok
BEs 1936\OUTUBRO\17\100038\00000007.pdf,D:\TSJE_ATAS\1936\1936-10-17 - BE [100038].pdf,563eab265ee174f7e4fa94ac5cdacadfb7e29579,ok
BEs 1936\OUTUBRO\27\100042\00000011.pdf,D:\TSJE_ATAS\1936\1936-10-27 - BE n126 [100042].pdf,1feba4f4be167ab5efa4bddd6e19748cf37b625e,ok
BEs 1936\OUTUBRO\29\100044\00000012.pdf,D:\TSJE_ATAS\1936\1936-10-29 - BE [100044].pdf,9984f72a60aa14d5f50c63cf6f7290f8122a0b7e,ok
BEs 1936\NOVEMBRO\05\100047\00000014.pdf,D:\TSJE_ATAS\1936\1936-11-05 - BE [100047].pdf,2719cfbe0ade82d0e22cc57265a3052c99be57dc,ok
BEs 1936\NOVEMBRO\07\100048\00000015.pdf,D:\TSJE_ATAS\1936\1936-11-07 - BE [100048].pdf,14181afdd0df4c81c9d04adc4232d5e9790ea18a,ok
BEs 1936\NOVEMBRO\10\100049\00000016.pdf,D:\TSJE_ATAS\1936\1936-11-10 - BE [100049].pdf,53c7eb008052ebdd2d3a3432d12cee56f0833f45,ok
BEs 1936\NOVEMBRO\14\100052\00000018.pdf,D:\TSJE_ATAS\1936\1936-11-14 - BE [100052].pdf,3d817f19a827c472b4ef42ee55824715d1abce08,ok
BEs 1936\NOVEMBRO\17\100053\00000019.pdf,D:\TSJE_ATAS\1936\1936-11-17 - BE [100053].pdf,4f024a04f64c9aa337ec765b2c03bfcfbca6034f,ok
BEs 1936\NOVEMBRO\19\100054\00000020.pdf,D:\TSJE_ATAS\1936\1936-11-19 - BE [100054].pdf,ee4cbce0cb8dc4c253220fce94df30c71a9a2469,ok
BEs 1936\NOVEMBRO\21\100055\00000021.pdf,D:\TSJE_ATAS\1936\1936-11-21 - BE [100055].pdf,318458388e6eca2fd7e74837b0e939ca2dd91607,ok
BEs 1936\NOVEMBRO\24\100056\00000022.pdf,D:\TSJE_ATAS\1936\1936-11-24 - BE [100056].pdf,4156d580609ae3f2ee08b33f71309847ebea2dbe,ok
BEs 1936\NOVEMBRO\26\100057\00000023.pdf,D:\TSJE_ATAS\1936\1936-11-26 - BE [100057].pdf,1ed760fb047450c0edb522114065caef947a2ea6,ok
BEs 1936\NOVEMBRO\28\100058\00000024.pdf,D:\TSJE_ATAS\1936\1936-11-28 - BE [100058].pdf,ab35eb8fd89d911320dff59db8f747fcd4ada641,ok
BEs 1936\DEZEMBRO\01\100059\00000025.pdf,D:\TSJE_ATAS\1936\1936-12-01 - BE [100059].pdf,a7ff0d629626c329f8dd64f534231294b6eaa975,ok
BEs 1936\DEZEMBRO\03\100060\00000026.pdf,D:\TSJE_ATAS\1936\1936-12-03 - BE [100060].pdf,6befaabaa3a907e9809de5f80426483e5b8462da,ok
BEs 1936\DEZEMBRO\08\100063\00000028.pdf,D:\TSJE_ATAS\1936\1936-12-08 - BE [100063].pdf,95a01612cb68ca4b0899a5bf1467e96fb60808ec,ok
BEs 1936\DEZEMBRO\10\100064\00000029.pdf,D:\TSJE_ATAS\1936\1936-12-10 - BE [100064].pdf,6955b19c3d4750754ed699147c4b1561f683ec8d,ok
BEs 1936\DEZEMBRO\12\100065\00000030.pdf,D:\TSJE_ATAS\1936\1936-12-12 - BE [100065].pdf,01c45303ea111c486f6e69f184285e8a9d05b2a3,ok
BEs 1936\DEZEMBRO\15\100066\00000031.pdf,D:\TSJE_ATAS\1936\1936-12-15 - BE [100066].pdf,e59c89abf12a76d23ff7de934e137d4f944014ff,ok
BEs 1936\DEZEMBRO\17\100067\00000032.pdf,D:\TSJE_ATAS\1936\1936-12-17 - BE [100067].pdf,ff67d12a37e466065ac37e614ce8bea5051e0feb,ok
BEs 1936\DEZEMBRO\19\100068\00000033.pdf,D:\TSJE_ATAS\1936\1936-12-19 - BE n148 [100068].pdf,1242c4a45efb067796c7c4827ae439fb2722bb58,ok
BEs 1936\DEZEMBRO\22\100069\00000034.pdf,D:\TSJE_ATAS\1936\1936-12-22 - BE [100069].pdf,0104e7d025f9ae81350819d050dc5daf287aa6d2,ok
BEs 1936\DEZEMBRO\24\100070\00000035.pdf,D:\TSJE_ATAS\1936\1936-12-24 - BE [100070].pdf,f1ff370441a3f7ff60b4a511ba55c86dfd553d0e,ok
BEs 1936\DEZEMBRO\29\100071\00000036.pdf,D:\TSJE_ATAS\1936\1936-12-29 - BE n151 [100071].pdf,aa490c2c559da6e4aacf08dfa34008c7f8e09461,ok
BEs 1936\DEZEMBRO\31\100072\00000037.pdf,D:\TSJE_ATAS\1936\1936-12-31 - BE [100072].pdf,a0a2b67c4503ba77dffd1c56ea325a6a3fa78075,ok
BEs 1936\MAIO\18\100177\00000019.pdf,D:\TSJE_ATAS\1937\1937-05-18 - BE [100177].pdf,2aa8620c5e6d65450bc7c568031c45a7e16abbee,ok
BEs 1937\JANEIRO\05\100076\00000001.pdf,D:\TSJE_ATAS\1937\1937-01-05 - BE [100076].pdf,ab7073a79c213353d2cc0786f1525561c3fd584b,ok
BEs 1937\JANEIRO\07\100078\00000002.pdf,D:\TSJE_ATAS\1937\1937-01-07 - BE [100078].pdf,05d5b2eb57ab017aefce008e4464f71657fdc308,ok
BEs 1937\JANEIRO\09\100079\00000003.pdf,D:\TSJE_ATAS\1937\1937-01-09 - BE [100079].pdf,a65bcb95ba9dda783dea1105a336ddd60bee2ee4,ok
BEs 1937\JANEIRO\12\100081\00000004.pdf,D:\TSJE_ATAS\1937\1937-01-12 - BE [100081].pdf,535938da3b8dc7f5db79b5f91a6d8ec29d94ad9a,ok
BEs 1937\JANEIRO\14\100084\00000005.pdf,D:\TSJE_ATAS\1937\1937-01-14 - BE n005 [100084].pdf,08ab4eb825c270dda7acf6ae7a83c2332a548325,ok
BEs 1937\JANEIRO\16\100086\00000006.pdf,D:\TSJE_ATAS\1937\1937-01-16 - BE [100086].pdf,d69a189c1fd23c09d4245a88449f30227aa7b57d,ok
BEs 1937\JANEIRO\19\100088\00000007.pdf,D:\TSJE_ATAS\1937\1937-01-19 - BE [100088].pdf,905137231cd9655d33ae2028bd78d57af289aa9c,ok
BEs 1937\JANEIRO\26\100094\00000010.pdf,D:\TSJE_ATAS\1937\1937-01-26 - BE [100094].pdf,60cea94411103d9112285bb0d143aae3fbaff6bc,ok
BEs 1937\JANEIRO\28\100096\00000011.pdf,D:\TSJE_ATAS\1937\1937-01-28 - BE [100096].pdf,e1302bea28e12a7e315efb6ff2fd24a22b40332b,ok
BEs 1937\FEVEREIRO\02\100098\00000013.pdf,D:\TSJE_ATAS\1937\1937-02-02 - BE [100098].pdf,a3afd52a12e17b2f195fc6a27653cd45c92ff8eb,ok
BEs 1937\FEVEREIRO\04\100099\00000014.pdf,D:\TSJE_ATAS\1937\1937-02-04 - BE n001 [100099].pdf,932e011b9d89ff8fc93227e0394630c72dabaad7,ok
BEs 1937\FEVEREIRO\13\100101\00000016.pdf,D:\TSJE_ATAS\1937\1937-02-13 - BE [100101].pdf,b4a148c24f64a2b9a8859c41e892ac57d09e4dd8,ok
BEs 1937\FEVEREIRO\16\100100\00000015.pdf,D:\TSJE_ATAS\1937\1937-02-16 - BE [100100].pdf,11437d1129676bb6038b27157e7883f28fd25e46,ok
BEs 1937\FEVEREIRO\16\100102\00000017.pdf,D:\TSJE_ATAS\1937\1937-02-16 - BE n001 [100102].pdf,6d7b466e01ad20aef810f409c4721a66ba902777,ok
BEs 1937\FEVEREIRO\18\100103\00000018.pdf,D:\TSJE_ATAS\1937\1937-02-18 - BE [100103].pdf,b777442ea32fe83eb6142a0e55038be2ed0aeff6,ok
BEs 1937\FEVEREIRO\25\100106\00000021.pdf,D:\TSJE_ATAS\1937\1937-02-25 - BE [100106].pdf,2855acd29bdc98e5a610390083298763a7a80486,ok
BEs 1937\FEVEREIRO\27\100107\00000022.pdf,D:\TSJE_ATAS\1937\1937-02-27 - BE n022 [100107].pdf,5a5465982f14dbc27aa1275853d29d81865ee90e,ok
BEs 1937\MARÇO\02\100108\00000001.pdf,D:\TSJE_ATAS\1937\1937-03-02 - BE n023 [100108].pdf,6bd6da3ec332df722b3a284a2d610148937e9f37,ok
BEs 1937\MARÇO\04\100109\00000002.pdf,D:\TSJE_ATAS\1937\1937-03-04 - BE [100109].pdf,af44ab93dc7218bfdf34aeaefbf32287a714fe0a,ok
BEs 1937\MARÇO\09\100111\00000004.pdf,D:\TSJE_ATAS\1937\1937-03-09 - BE n026 [100111].pdf,d7ceb8f40ff6f080ae504a3e87ef509962adfb54,ok
BEs 1937\MARÇO\11\100112\00000005.pdf,D:\TSJE_ATAS\1937\1937-03-11 - BE n027 [100112].pdf,8e33096b6c85770c89fe7e618eb5f6a0cb425dda,ok
BEs 1937\MARÇO\13\100113\00000006.pdf,D:\TSJE_ATAS\1937\1937-03-13 - BE n001 [100113].pdf,6c3ba790350e0c82d433913cd6355cd22e660e92,ok
BEs 1937\MARÇO\16\100114\00000007.pdf,D:\TSJE_ATAS\1937\1937-03-16 - BE n029 [100114].pdf,45df7c977958d6e0b09f277ff95c812f41be935a,ok
BEs 1937\MARÇO\18\100115\00000008.pdf,D:\TSJE_ATAS\1937\1937-03-18 - BE n030 [100115].pdf,d7a7a75d454ec29ba11390eea72488b6b83bfc68,ok
BEs 1937\MARÇO\23\100117\00000010.pdf,D:\TSJE_ATAS\1937\1937-03-23 - BE n032 [100117].pdf,7b47912ff373e92a29d796a0fddbe2c62687ae32,ok
BEs 1937\MARÇO\25\100118\00000011.pdf,D:\TSJE_ATAS\1937\1937-03-25 - BE n083 [100118].pdf,5572c7a5014776d6fc5069bed5ce220eeb18c16c,ok
BEs 1937\MARÇO\30\100119\00000012.pdf,D:\TSJE_ATAS\1937\1937-03-30 - BE n034 [100119].pdf,b06727db1bad6c6c98e55464521958e429978221,ok
BEs 1937\ABRIL\27\100169\00000011.pdf,D:\TSJE_ATAS\1937\1937-04-27 - BE [100169].pdf,bf10431a127bbc7a15b5d9683a10f9914551f86c,ok
BEs 1937\ABRIL\29\100170\00000012.pdf,D:\TSJE_ATAS\1937\1937-04-29 - BE n004 [100170].pdf,93a7db31d24909fcc57ddd9862e3d6548dd3876f,ok
BEs 1937\MAIO\01\100171\00000013.pdf,D:\TSJE_ATAS\1937\1937-05-01 - BE n047 [100171].pdf,bb1c6d7b5464a820f8591197d0625ec2d76585ab,ok
BEs 1937\MAIO\11\100174\00000016.pdf,D:\TSJE_ATAS\1937\1937-05-11 - BE [100174].pdf,ff15255e4c7a1c91383e2ea58ae459fb8ae00e11,ok
BEs 1937\MAIO\13\100175\00000017.pdf,D:\TSJE_ATAS\1937\1937-05-13 - BE n051 [100175].pdf,672790b4a82472f86428ed28c2ff818a7238cf1f,ok
BEs 1937\MAIO\15\100176\00000018.pdf,D:\TSJE_ATAS\1937\1937-05-15 - BE n052 [100176].pdf,71415fa834b964e6f43674e0519b224d9590fc6c,ok
BEs 1937\MAIO\20\100178\00000020.pdf,D:\TSJE_ATAS\1937\1937-05-20 - BE n054 [100178].pdf,d021f870550fc95a8b4248ac9b3d93148012e76a,ok
BEs 1937\MAIO\22\100179\00000021.pdf,D:\TSJE_ATAS\1937\1937-05-22 - BE n055 [100179].pdf,dab3aed7ea3fdcf68d5a8353d7d4a2846f541734,ok
BEs 1937\MAIO\25\100180\00000022.pdf,D:\TSJE_ATAS\1937\1937-05-25 - BE [100180].pdf,c699331825027932f21392a2778b8deabc1d9b1f,ok
BEs 1937\MAIO\27\100181\00000023.pdf,D:\TSJE_ATAS\1937\1937-05-27 - BE [100181].pdf,2f27827d0d8bd64b11c799162dafd53b30907b59,ok
BEs 1937\MAIO\29\100182\00000024.pdf,D:\TSJE_ATAS\1937\1937-05-29 - BE n058 [100182].pdf,0bfa10daefa2b638f2a85cac9058dad401b01ec1,ok
BEs 1937\JUNHO\03\100184\00000026.pdf,D:\TSJE_ATAS\1937\1937-06-03 - BE n060 [100184].pdf,40ed71ed2234f76c09bed2a1031321b646c63a98,ok
BEs 1937\JUNHO\05\100185\00000027.pdf,D:\TSJE_ATAS\1937\1937-06-05 - BE [100185].pdf,13411ec648d8079852051114de4eec193f0e9e96,ok
BEs 1937\JUNHO\08\100186\00000028.pdf,D:\TSJE_ATAS\1937\1937-06-08 - BE [100186].pdf,facbe0857ec6ef0b0d65d59741828f7b040e610f,ok
BEs 1937\JUNHO\10\100187\00000029.pdf,D:\TSJE_ATAS\1937\1937-06-10 - BE [100187].pdf,d3887da46f60057a0dfe386eaffe3a9e98d5f23d,ok
BEs 1937\JUNHO\12\100188\00000030.pdf,D:\TSJE_ATAS\1937\1937-06-12 - BE [100188].pdf,6ccfd05c26faf6abc562c9e6fc8944953b55b35e,ok
BEs 1937\JUNHO\19\100191\00000033.pdf,D:\TSJE_ATAS\1937\1937-06-19 - BE [100191].pdf,50ef5c43d432114b9061f8cb532b1c6fd2b4116d,ok
BEs 1937\JUNHO\26\100194\00000036.pdf,D:\TSJE_ATAS\1937\1937-06-26 - BE n070 [100194].pdf,8064d29bb8c67fa8a994a7f7d9bb13c5eed19312,ok
BEs 1937\JUNHO\29\100195\00000037.pdf,D:\TSJE_ATAS\1937\1937-06-29 - BE n071 [100195].pdf,28b7298af77f246ab0e4d6fb45e9f85e0f9b2e33,ok
BEs 1937\JULHO\03\100199\00000002.pdf,D:\TSJE_ATAS\1937\1937-07-03 - BE [100199].pdf,a249912ac1b20900916c831632024ffa48c8dd37,ok
BEs 1937\JULHO\06\100200\00000003.pdf,D:\TSJE_ATAS\1937\1937-07-06 - BE n074 [100200].pdf,9dc1a08b5493de3dafed9a0633a8c3d17fcfb5b0,ok
BEs 1937\JULHO\10\100202\00000005.pdf,D:\TSJE_ATAS\1937\1937-07-10 - BE [100202].pdf,204c8572a5535697457f442fd8022ff3a2a213e3,ok
BEs 1937\JULHO\13\100203\00000006.pdf,D:\TSJE_ATAS\1937\1937-07-13 - BE [100203].pdf,5f6e203f307892eb2a43ba63290480107c92d343,ok
BEs 1937\JULHO\15\100204\00000007.pdf,D:\TSJE_ATAS\1937\1937-07-15 - BE [100204].pdf,96ae2f8a954cbd273d22232af251a407c1d401ca,ok
BEs 1937\JULHO\20\1937_boletim_eleitoral_a6_n79.pdf,D:\TSJE_ATAS\1937\1937-07-20 - BE n002 [59d2c936].pdf,59d2c936d6146e83c2e8f42a9ee8db44473fdaf5,ok
BEs 1937\JULHO\22\100206\00000009.pdf,D:\TSJE_ATAS\1937\1937-07-22 - BE [100206].pdf,c46f359f25158702dad808b2c16372e07a4a3c75,ok
BEs 1937\JULHO\24\100208\00000010.pdf,D:\TSJE_ATAS\1937\1937-07-24 - BE n001 [100208].pdf,971a901e977efbd631195cfb413d7305a33d3298,ok
BEs 1937\JULHO\27\100210\00000011.pdf,D:\TSJE_ATAS\1937\1937-07-27 - BE [100210].pdf,b01cddfd3629aa6ae7d72328ba1a0bdc756e5a72,ok
BEs 1937\JULHO\29\100214\00000012.pdf,D:\TSJE_ATAS\1937\1937-07-29 - BE [100214].pdf,29fbaca1a487834364a017d15f3f1a9c05502396,ok
BEs 1937\JULHO\31\100217\00000013.pdf,D:\TSJE_ATAS\1937\1937-07-31 - BE n084 [100217].pdf,5be658646a2d3baf4899d94b7df71094a98c705c,ok
BEs 1937\AGOSTO\03\100221\00000001.pdf,D:\TSJE_ATAS\1937\1937-08-03 - BE [100221].pdf,45b8a65ff5473d785c352cc2065ad2824ed83e58,ok
BEs 1937\AGOSTO\05\100242\00000002.pdf,D:\TSJE_ATAS\1937\1937-08-05 - BE n086 [100242].pdf,49b513b787d9634a70b777cb0bd0fb2e47e41ef5,ok
BEs 1937\AGOSTO\10\100244\00000004.pdf,D:\TSJE_ATAS\1937\1937-08-10 - BE [100244].pdf,f304e11333ddc073083e92fd96de20825bc899b7,ok
BEs 1937\AGOSTO\12\100245\00000005.pdf,D:\TSJE_ATAS\1937\1937-08-12 - BE n089 [100245].pdf,45339fca23bfaa36b73c641d1be1d8e68836c062,ok
BEs 1937\AGOSTO\17\100247\00000007.pdf,D:\TSJE_ATAS\1937\1937-08-17 - BE [100247].pdf,3329b13c009f7f0092d42308d5f4402925c26810,ok
BEs 1937\AGOSTO\21\100249\00000009.pdf,D:\TSJE_ATAS\1937\1937-08-21 - BE [100249].pdf,51c992f92e2b092b3b42c9066ccf65b383fac9bc,ok
BEs 1937\AGOSTO\24\100250\00000010.pdf,D:\TSJE_ATAS\1937\1937-08-24 - BE n094 [100250].pdf,54696c492df5e47a30c42f410e0ba5ce216c0363,ok
BEs 1937\AGOSTO\26\100251\00000011.pdf,D:\TSJE_ATAS\1937\1937-08-26 - BE n095 [100251].pdf,5fde9072427cba572b0c24cdb4670b8684a20b9f,ok
BEs 1937\AGOSTO\28\100252\00000012.pdf,D:\TSJE_ATAS\1937\1937-08-28 - BE [100252].pdf,1784d11e22f57de58c09fc7c517cc45e8addf16b,ok
BEs 1937\AGOSTO\31\100253\00000013.pdf,D:\TSJE_ATAS\1937\1937-08-31 - BE n097 [100253].pdf,53b14595d557769b66d598cdd74d069797b89464,ok
BEs 1937\SETEMBRO\02\100256\00000001.pdf,D:\TSJE_ATAS\1937\1937-09-02 - BE [100256].pdf,3e4f06e6ea77967fd0f90af5011f603f86edeea8,ok
BEs 1937\SETEMBRO\04\100257\00000003.pdf,D:\TSJE_ATAS\1937\1937-09-04 - BE [100257].pdf,85829218dbee2ce91887a7a158fb2d2e0e536c12,ok
BEs 1937\SETEMBRO\09\100259\00000005.pdf,D:\TSJE_ATAS\1937\1937-09-09 - BE [100259].pdf,0ab3bdd1d6ab43d4b44fe89437572b8d2009725c,ok
BEs 1937\SETEMBRO\11\100260\00000007.pdf,D:\TSJE_ATAS\1937\1937-09-11 - BE [100260].pdf,b63eb93567ce90d2082d4627e225581a67a44f99,ok
BEs 1937\SETEMBRO\14\100261\00000008.pdf,D:\TSJE_ATAS\1937\1937-09-14 - BE n103 [100261].pdf,a3a08e653e292b4165fd7b6856265272b4e154b1,ok
BEs 1937\SETEMBRO\16\100262\00000009.pdf,D:\TSJE_ATAS\1937\1937-09-16 - BE n104 [100262].pdf,6dd3993625094969dc1ad7ed99d6af6130241efc,ok
BEs 1937\SETEMBRO\18\100263\00000011.pdf,D:\TSJE_ATAS\1937\1937-09-18 - BE [100263].pdf,7949da00e3412449187b96f51ddc60d0e7f213f7,ok
BEs 1937\SETEMBRO\21\100264\00000012.pdf,D:\TSJE_ATAS\1937\1937-09-21 - BE [100264].pdf,018c88afb08dff84117990f6cfb9bf6b6921ee67,ok
BEs 1937\SETEMBRO\25\100266\00000014.pdf,D:\TSJE_ATAS\1937\1937-09-25 - BE n108 [100266].pdf,9199841f3056a67b147a181f41b376146b943e6b,ok
BEs 1937\SETEMBRO\28\100267\00000016.pdf,D:\TSJE_ATAS\1937\1937-09-28 - BE n010 [100267].pdf,70db09dee732f1074ba1e35ebcc0478bed37fb66,ok
BEs 1937\SETEMBRO\30\100268\00000017.pdf,D:\TSJE_ATAS\1937\1937-09-30 - BE [100268].pdf,763317a61e50f6724044913b60b67006b02eecd0,ok
BEs 1937\OUTUBRO\02\100269\00000001.pdf,D:\TSJE_ATAS\1937\1937-10-02 - BE n111 [100269].pdf,f4c4be4faefa47f931de36c9a24c733d830b45f8,ok
BEs 1937\OUTUBRO\05\100270\00000002.pdf,D:\TSJE_ATAS\1937\1937-10-05 - BE n112 [100270].pdf,4772200cf5d4367e901c298def2e6c3dd9c7041f,ok
BEs 1937\OUTUBRO\12\100273\00000006.pdf,D:\TSJE_ATAS\1937\1937-10-12 - BE n115 [100273].pdf,14c6adcb28665849c34174f41b6e031d2017262d,ok
BEs 1937\OUTUBRO\14\100274\00000007.pdf,D:\TSJE_ATAS\1937\1937-10-14 - BE n116 [100274].pdf,ed1d76cd98fae7b5e92236c47dabec5807bcc603,ok
BEs 1937\OUTUBRO\16\100275\00000009.pdf,D:\TSJE_ATAS\1937\1937-10-16 - BE n117 [100275].pdf,07cbd9b69eb2f87f66c216276f5ebae49416aafc,ok
BEs 1937\OUTUBRO\19\100276\00000010.pdf,D:\TSJE_ATAS\1937\1937-10-19 - BE n118 [100276].pdf,ae803ffb2289e96da5a55390cc3de26057b312a1,ok
BEs 1937\OUTUBRO\23\100280\00000014.pdf,D:\TSJE_ATAS\1937\1937-10-23 - BE n120 [100280].pdf,b6d2a5d7040d56088add2c6e8156487ba63e2c9a,ok
BEs 1937\OUTUBRO\26\100281\00000015.pdf,D:\TSJE_ATAS\1937\1937-10-26 - BE n121 [100281].pdf,9a8fe6f92a0664a505cac355e23af748a29d096d,ok
BEs 1937\OUTUBRO\28\100282\00000016.pdf,D:\TSJE_ATAS\1937\1937-10-28 - BE [100282].pdf,05d95425d7ec341f5b1015238b33c023ec9a6527,ok
BEs 1937\OUTUBRO\30\100284\00000018.pdf,D:\TSJE_ATAS\1937\1937-10-30 - BE n123 [100284].pdf,06e3f8fe078a13f5b9976c3ee203a25ede61a509,ok
